class_id,ten_yr,ten_yr_count_usa,ten_yr_count_germany,ten_yr_count_france
195,1900,0,0,0
195,1890,0,0,0
195,1880,0,0,0
195,1910,0,0,0
195,1870,0,0,0
195,1920,0,0,0
195,1930,0,0,0
260,1930,3,3,0
260,1920,0,0,0
260,1890,0,0,1
260,1900,0,2,0
260,1880,0,0,0
260,1870,0,0,0
260,1910,0,0,0
390,1900,0,0,0
390,1870,0,0,0
390,1880,0,0,0
390,1930,0,2,0
390,1920,0,1,0
390,1910,0,0,0
390,1890,0,0,0
520,1920,0,0,0
520,1930,0,0,0
520,1900,0,0,0
520,1890,0,0,1
520,1870,0,0,0
520,1910,0,0,0
520,1880,0,0,0
780,1910,0,0,0
780,1880,0,0,0
780,1890,0,0,0
780,1870,0,0,0
780,1920,0,1,0
780,1930,0,0,0
780,1900,0,0,0
910,1870,0,0,0
910,1900,0,0,0
910,1920,0,0,0
910,1910,0,0,0
910,1880,0,0,0
910,1930,0,0,0
910,1890,1,0,0
975,1870,0,0,0
975,1890,0,0,0
975,1880,0,0,0
975,1930,0,1,0
975,1920,0,0,0
975,1900,0,0,0
975,1910,0,0,0
1300,1930,1,0,0
1300,1920,0,1,0
1300,1910,0,0,0
1300,1880,0,0,0
1300,1870,0,0,0
1300,1900,0,0,0
1300,1890,0,1,2
1365,1930,0,0,0
1365,1880,0,0,0
1365,1890,0,0,0
1365,1910,0,0,0
1365,1900,0,0,0
1365,1920,0,1,0
1365,1870,0,0,0
1430,1930,0,1,0
1430,1920,0,2,0
1430,1910,0,0,0
1430,1890,0,0,0
1430,1900,0,1,1
1430,1880,0,0,0
1430,1870,0,0,0
1495,1920,0,0,0
1495,1930,0,3,0
1495,1880,0,0,0
1495,1900,0,0,0
1495,1870,0,0,0
1495,1890,0,1,1
1495,1910,0,0,0
1560,1930,0,0,0
1560,1870,0,0,0
1560,1920,0,0,0
1560,1910,0,0,0
1560,1880,0,0,0
1560,1890,0,0,0
1560,1900,0,0,0
1690,1920,1,0,0
1690,1870,0,0,0
1690,1890,0,0,0
1690,1880,0,0,0
1690,1910,0,0,0
1690,1900,0,0,0
1690,1930,0,0,0
2015,1870,0,0,0
2015,1900,0,0,0
2015,1930,0,0,0
2015,1910,0,0,0
2015,1920,1,0,0
2015,1880,0,0,0
2015,1890,0,0,0
2080,1890,0,0,0
2080,1910,0,0,0
2080,1900,0,1,0
2080,1870,0,0,0
2080,1930,0,0,0
2080,1880,0,0,0
2080,1920,0,0,0
2340,1930,0,0,0
2340,1870,0,0,0
2340,1920,0,1,0
2340,1900,0,0,0
2340,1880,0,0,0
2340,1910,0,0,0
2340,1890,0,0,0
2405,1890,0,0,0
2405,1880,0,0,0
2405,1920,0,1,0
2405,1870,0,0,0
2405,1900,0,0,0
2405,1910,0,0,0
2405,1930,2,0,0
2470,1870,0,0,0
2470,1890,0,0,0
2470,1910,0,0,0
2470,1920,0,1,0
2470,1900,0,0,0
2470,1930,0,0,0
2470,1880,0,0,0
2600,1870,0,0,0
2600,1920,1,0,0
2600,1910,0,0,0
2600,1930,0,0,0
2600,1890,0,0,0
2600,1880,0,0,0
2600,1900,0,0,0
2665,1870,0,0,0
2665,1930,0,0,0
2665,1890,0,0,0
2665,1920,0,0,0
2665,1880,0,0,0
2665,1900,1,0,0
2665,1910,0,0,0
2795,1900,0,0,0
2795,1870,0,0,0
2795,1930,1,0,0
2795,1880,0,0,0
2795,1910,0,0,0
2795,1920,0,1,0
2795,1890,0,0,0
2860,1910,0,0,0
2860,1920,0,0,0
2860,1900,0,0,0
2860,1930,0,1,0
2860,1890,0,0,0
2860,1870,0,0,0
2860,1880,0,0,0
2925,1880,0,0,0
2925,1930,0,1,0
2925,1910,0,0,0
2925,1900,0,0,0
2925,1870,0,0,0
2925,1920,0,0,0
2925,1890,0,0,0
2990,1910,0,2,0
2990,1930,0,0,0
2990,1880,0,0,0
2990,1870,0,0,0
2990,1920,0,1,1
2990,1900,0,3,0
2990,1890,1,0,0
3055,1880,0,0,0
3055,1920,0,0,0
3055,1900,0,0,0
3055,1890,0,0,0
3055,1930,0,0,0
3055,1910,0,0,0
3055,1870,0,0,0
3120,1870,0,0,0
3120,1930,0,0,0
3120,1890,0,0,0
3120,1900,0,0,0
3120,1880,0,0,0
3120,1920,0,0,0
3120,1910,0,0,0
3185,1900,0,0,0
3185,1920,0,0,0
3185,1870,0,0,0
3185,1930,0,0,0
3185,1910,0,0,0
3185,1890,0,0,0
3185,1880,0,0,0
3250,1910,0,0,0
3250,1930,0,1,0
3250,1890,0,0,0
3250,1900,0,3,0
3250,1920,0,2,1
3250,1880,0,0,0
3250,1870,0,0,0
3445,1870,0,0,0
3445,1920,0,0,0
3445,1890,0,0,0
3445,1930,1,0,0
3445,1910,0,0,0
3445,1880,0,0,0
3445,1900,0,0,0
3640,1920,0,0,0
3640,1930,1,0,0
3640,1910,0,0,0
3640,1880,0,0,0
3640,1870,0,0,0
3640,1890,0,0,0
3640,1900,0,0,1
3770,1910,0,0,0
3770,1890,0,0,0
3770,1870,0,0,0
3770,1880,0,0,0
3770,1920,0,0,0
3770,1930,2,0,0
3770,1900,0,0,0
3900,1880,0,0,0
3900,1890,0,0,0
3900,1870,0,0,0
3900,1910,0,0,0
3900,1900,0,0,0
3900,1920,2,0,0
3900,1930,1,0,0
3965,1880,0,0,0
3965,1870,0,0,0
3965,1890,0,0,0
3965,1930,1,0,0
3965,1920,2,0,0
3965,1900,0,0,0
3965,1910,0,0,0
4290,1910,0,0,0
4290,1890,0,0,0
4290,1870,0,0,0
4290,1930,0,0,0
4290,1920,1,0,0
4290,1900,0,0,0
4290,1880,0,0,0
4420,1880,0,0,0
4420,1930,1,0,0
4420,1900,0,0,0
4420,1890,0,0,0
4420,1870,0,0,0
4420,1920,3,0,0
4420,1910,0,0,0
4550,1870,0,0,0
4550,1930,0,0,0
4550,1890,0,0,0
4550,1920,0,0,0
4550,1910,0,0,0
4550,1880,0,0,0
4550,1900,0,0,0
4680,1930,0,0,0
4680,1880,0,0,0
4680,1870,0,0,0
4680,1910,0,0,0
4680,1890,0,0,0
4680,1900,0,0,0
4680,1920,1,0,0
5265,1900,0,2,0
5265,1890,0,0,0
5265,1910,0,1,0
5265,1930,6,2,0
5265,1920,2,1,0
5265,1880,1,0,0
5265,1870,0,0,0
5395,1930,0,0,0
5395,1900,0,1,0
5395,1910,0,1,0
5395,1870,0,0,0
5395,1890,0,0,0
5395,1880,0,0,0
5395,1920,0,0,0
5460,1890,0,0,0
5460,1870,0,0,0
5460,1900,0,2,0
5460,1880,0,0,0
5460,1920,2,0,0
5460,1930,4,0,0
5460,1910,0,1,0
5525,1900,0,0,0
5525,1890,0,0,0
5525,1920,0,0,0
5525,1880,1,0,0
5525,1930,0,1,0
5525,1910,0,0,0
5525,1870,1,0,0
5655,1910,0,0,0
5655,1880,0,0,0
5655,1890,0,0,0
5655,1920,0,0,0
5655,1900,0,0,0
5655,1930,0,0,0
5655,1870,0,0,0
5720,1910,0,0,0
5720,1880,0,0,0
5720,1900,0,0,0
5720,1920,0,0,0
5720,1890,1,0,0
5720,1870,0,0,0
5720,1930,0,0,0
5785,1890,0,0,0
5785,1910,0,0,0
5785,1920,0,0,0
5785,1870,0,0,0
5785,1930,0,1,0
5785,1900,0,0,0
5785,1880,0,0,0
5850,1920,0,0,0
5850,1910,0,0,0
5850,1880,0,0,0
5850,1900,0,0,0
5850,1890,0,0,0
5850,1870,0,0,0
5850,1930,1,0,0
6045,1870,0,0,0
6045,1900,0,0,0
6045,1890,0,0,0
6045,1930,1,0,0
6045,1920,0,0,0
6045,1910,0,0,0
6045,1880,0,0,0
6110,1910,0,0,0
6110,1900,0,0,0
6110,1870,0,0,0
6110,1890,0,0,0
6110,1880,0,0,0
6110,1930,1,0,0
6110,1920,0,0,0
6175,1920,1,0,0
6175,1910,0,0,0
6175,1930,1,1,0
6175,1890,0,0,0
6175,1880,0,0,0
6175,1900,0,1,0
6175,1870,0,0,0
6305,1920,0,0,0
6305,1910,0,0,0
6305,1900,0,0,0
6305,1870,0,0,0
6305,1880,0,0,0
6305,1890,0,0,0
6305,1930,1,0,0
6370,1930,3,1,0
6370,1890,0,0,0
6370,1880,0,0,0
6370,1900,0,0,0
6370,1910,0,0,0
6370,1870,0,0,0
6370,1920,0,0,0
6435,1890,0,0,0
6435,1920,0,0,0
6435,1900,0,0,0
6435,1930,1,0,0
6435,1880,0,0,0
6435,1910,0,0,0
6435,1870,0,0,0
6565,1930,1,0,0
6565,1900,0,0,0
6565,1890,0,0,0
6565,1870,0,0,0
6565,1880,0,0,0
6565,1920,0,0,0
6565,1910,0,0,0
6695,1910,0,0,0
6695,1890,0,0,0
6695,1930,0,1,0
6695,1900,0,0,0
6695,1880,0,0,0
6695,1870,0,0,0
6695,1920,0,0,0
6760,1890,0,0,0
6760,1920,0,0,0
6760,1900,0,0,0
6760,1910,0,1,0
6760,1930,1,2,0
6760,1880,0,0,0
6760,1870,0,0,0
6825,1890,0,0,0
6825,1930,3,1,0
6825,1900,0,1,0
6825,1880,0,0,0
6825,1920,0,0,0
6825,1910,0,0,0
6825,1870,0,0,0
6890,1880,0,0,0
6890,1910,0,0,0
6890,1900,0,0,0
6890,1890,0,0,0
6890,1920,0,0,0
6890,1930,1,0,0
6890,1870,0,0,0
6955,1880,0,0,0
6955,1900,0,0,0
6955,1930,6,1,0
6955,1910,0,0,0
6955,1870,0,0,0
6955,1920,0,0,0
6955,1890,0,0,0
7020,1910,0,0,0
7020,1920,0,0,0
7020,1880,0,0,0
7020,1900,0,0,0
7020,1930,1,0,0
7020,1870,0,0,0
7020,1890,0,0,0
7085,1870,0,0,0
7085,1880,0,0,0
7085,1900,0,0,0
7085,1920,0,0,0
7085,1930,2,0,0
7085,1890,0,0,0
7085,1910,0,0,0
7150,1910,0,0,0
7150,1920,1,1,0
7150,1930,9,3,0
7150,1880,0,0,0
7150,1890,0,0,0
7150,1900,0,1,0
7150,1870,0,0,0
7410,1910,0,0,0
7410,1900,0,2,0
7410,1890,0,0,0
7410,1920,0,0,0
7410,1930,2,0,0
7410,1870,0,0,0
7410,1880,0,0,0
7475,1890,0,0,0
7475,1920,0,0,0
7475,1930,2,0,0
7475,1880,0,0,0
7475,1910,0,0,0
7475,1900,0,0,0
7475,1870,0,0,0
7540,1900,0,0,0
7540,1930,1,1,0
7540,1910,0,0,0
7540,1920,0,0,0
7540,1890,0,0,0
7540,1880,1,0,0
7540,1870,0,0,0
7605,1870,0,0,0
7605,1920,0,0,0
7605,1880,0,1,0
7605,1890,0,0,0
7605,1930,7,0,0
7605,1910,0,0,0
7605,1900,1,0,0
7800,1900,0,0,0
7800,1910,0,0,0
7800,1870,0,0,0
7800,1890,0,0,0
7800,1880,0,0,0
7800,1920,0,0,0
7800,1930,3,1,0
7930,1920,1,1,0
7930,1930,1,3,0
7930,1900,0,2,1
7930,1870,0,0,0
7930,1880,0,0,0
7930,1890,0,0,0
7930,1910,0,1,0
8060,1910,0,0,0
8060,1890,0,0,0
8060,1880,0,0,0
8060,1930,0,0,0
8060,1900,0,0,0
8060,1920,0,1,0
8060,1870,0,0,0
8320,1920,0,0,0
8320,1930,3,0,0
8320,1870,0,0,0
8320,1910,0,0,0
8320,1880,0,0,0
8320,1900,0,0,1
8320,1890,0,0,0
8450,1910,0,0,0
8450,1880,0,0,0
8450,1870,0,0,0
8450,1930,1,1,0
8450,1920,0,0,0
8450,1900,0,0,0
8450,1890,0,0,0
8580,1920,0,0,0
8580,1900,0,0,0
8580,1890,0,0,0
8580,1930,0,1,0
8580,1870,0,0,0
8580,1910,0,1,0
8580,1880,0,0,0
8645,1900,0,0,0
8645,1920,0,0,0
8645,1880,0,0,0
8645,1890,0,0,0
8645,1870,0,0,0
8645,1910,0,0,0
8645,1930,0,0,0
8710,1870,0,0,0
8710,1910,0,0,0
8710,1880,0,0,0
8710,1920,0,0,0
8710,1900,0,0,0
8710,1930,0,1,0
8710,1890,0,0,0
8775,1880,1,0,0
8775,1900,0,3,0
8775,1920,1,1,0
8775,1870,0,0,0
8775,1930,2,0,0
8775,1890,0,0,0
8775,1910,1,0,0
8840,1900,1,1,0
8840,1930,0,0,0
8840,1890,0,0,0
8840,1910,0,0,0
8840,1880,0,0,0
8840,1870,1,0,0
8840,1920,0,0,0
9035,1910,0,0,0
9035,1900,0,3,0
9035,1870,0,0,0
9035,1930,2,0,0
9035,1880,0,0,0
9035,1920,1,0,0
9035,1890,0,0,0
9100,1910,0,0,0
9100,1880,0,0,0
9100,1900,0,2,0
9100,1930,0,0,0
9100,1920,0,0,0
9100,1890,0,0,0
9100,1870,0,0,0
9230,1930,1,0,0
9230,1920,1,0,0
9230,1870,1,0,1
9230,1880,0,0,0
9230,1910,0,1,0
9230,1890,0,0,0
9230,1900,0,3,1
9490,1870,0,0,0
9490,1920,0,0,0
9490,1900,1,0,0
9490,1930,0,0,0
9490,1910,0,0,0
9490,1890,0,0,0
9490,1880,0,0,0
9555,1870,0,0,0
9555,1910,0,0,0
9555,1900,0,1,0
9555,1890,0,0,0
9555,1880,0,0,0
9555,1920,0,0,0
9555,1930,0,1,0
9685,1870,0,0,0
9685,1880,0,0,0
9685,1930,1,1,0
9685,1920,2,1,0
9685,1890,0,0,0
9685,1900,0,3,0
9685,1910,0,1,0
9815,1910,0,0,0
9815,1890,0,0,0
9815,1900,0,0,0
9815,1880,1,0,0
9815,1930,0,0,0
9815,1920,0,0,0
9815,1870,0,0,0
9945,1930,0,0,0
9945,1880,0,1,0
9945,1900,0,0,0
9945,1890,0,0,0
9945,1910,0,0,0
9945,1920,0,0,0
9945,1870,0,0,0
10010,1900,0,0,0
10010,1880,0,0,0
10010,1890,0,0,0
10010,1870,0,0,0
10010,1920,0,2,0
10010,1930,1,0,0
10010,1910,0,0,0
10075,1930,0,1,0
10075,1920,0,2,0
10075,1910,0,0,0
10075,1870,0,0,0
10075,1890,0,0,0
10075,1900,0,1,0
10075,1880,0,0,1
10140,1930,0,0,0
10140,1870,0,0,0
10140,1890,0,0,0
10140,1920,0,0,0
10140,1910,0,0,0
10140,1880,1,0,0
10140,1900,0,0,0
10205,1870,0,0,0
10205,1890,0,0,0
10205,1920,1,0,0
10205,1900,0,0,0
10205,1910,0,0,0
10205,1880,0,1,0
10205,1930,0,0,0
10400,1880,0,0,0
10400,1920,6,1,0
10400,1930,19,4,0
10400,1900,0,2,0
10400,1870,0,0,0
10400,1910,1,1,0
10400,1890,0,0,0
10530,1920,2,1,0
10530,1930,5,1,0
10530,1870,0,0,0
10530,1900,0,9,0
10530,1910,0,1,0
10530,1890,0,0,1
10530,1880,0,0,0
10660,1920,0,0,0
10660,1930,0,1,0
10660,1880,0,0,0
10660,1870,0,0,0
10660,1910,0,0,0
10660,1900,0,0,0
10660,1890,0,0,0
10790,1930,2,1,0
10790,1920,0,1,1
10790,1870,0,0,0
10790,1910,0,0,0
10790,1880,0,0,0
10790,1900,0,1,1
10790,1890,0,0,0
10855,1870,0,0,0
10855,1910,0,0,0
10855,1930,0,0,0
10855,1890,0,0,0
10855,1920,0,1,0
10855,1900,0,0,0
10855,1880,0,0,0
10985,1870,0,0,0
10985,1900,0,0,0
10985,1880,0,0,0
10985,1930,1,0,0
10985,1910,0,0,0
10985,1890,0,0,0
10985,1920,0,1,1
11115,1930,0,1,0
11115,1890,0,0,0
11115,1910,0,0,0
11115,1870,0,0,0
11115,1880,0,0,0
11115,1900,0,0,0
11115,1920,0,3,0
11180,1920,0,0,0
11180,1890,0,0,0
11180,1880,0,0,0
11180,1910,0,0,0
11180,1900,0,0,0
11180,1930,0,2,0
11180,1870,0,0,0
11310,1870,0,0,0
11310,1910,0,0,0
11310,1920,1,0,0
11310,1880,0,0,0
11310,1930,0,0,0
11310,1900,0,0,0
11310,1890,0,0,0
11440,1870,0,0,0
11440,1910,0,0,0
11440,1890,0,0,0
11440,1900,0,0,0
11440,1920,0,0,0
11440,1880,0,0,0
11440,1930,1,0,0
11505,1870,0,0,0
11505,1910,0,0,0
11505,1930,0,1,0
11505,1880,0,0,0
11505,1920,0,1,1
11505,1890,0,0,0
11505,1900,0,0,0
11635,1870,0,0,0
11635,1920,0,0,0
11635,1930,1,0,0
11635,1910,0,0,0
11635,1900,0,1,0
11635,1890,0,0,0
11635,1880,0,0,0
11700,1920,0,1,0
11700,1930,1,4,0
11700,1890,0,0,0
11700,1910,1,2,0
11700,1880,0,1,0
11700,1870,1,0,0
11700,1900,1,2,1
11765,1920,4,3,0
11765,1930,4,2,0
11765,1890,0,0,0
11765,1870,0,0,0
11765,1910,1,4,0
11765,1880,0,0,0
11765,1900,0,3,1
11895,1900,0,0,0
11895,1920,0,2,0
11895,1870,0,0,0
11895,1880,0,0,0
11895,1910,0,1,0
11895,1930,2,2,0
11895,1890,0,0,0
11960,1920,1,0,0
11960,1890,0,0,0
11960,1870,0,0,0
11960,1910,0,0,0
11960,1900,0,0,0
11960,1880,0,0,0
11960,1930,0,0,0
12155,1900,0,0,0
12155,1910,0,0,0
12155,1870,0,0,0
12155,1880,0,0,0
12155,1930,0,0,0
12155,1890,0,0,0
12155,1920,1,0,0
12350,1870,0,0,0
12350,1910,0,0,0
12350,1890,0,0,0
12350,1920,0,0,0
12350,1880,0,0,0
12350,1930,0,0,0
12350,1900,0,0,0
12415,1920,0,0,0
12415,1880,0,0,0
12415,1870,0,0,0
12415,1910,0,0,0
12415,1900,0,0,0
12415,1890,0,0,0
12415,1930,1,0,0
12480,1910,1,0,0
12480,1880,0,0,0
12480,1920,0,0,0
12480,1890,0,0,0
12480,1930,0,0,0
12480,1900,0,0,0
12480,1870,0,0,0
12610,1910,0,0,0
12610,1880,0,0,0
12610,1900,1,0,0
12610,1930,0,0,0
12610,1890,0,0,0
12610,1870,0,0,0
12610,1920,0,0,0
12740,1920,0,0,0
12740,1910,0,0,0
12740,1870,0,0,0
12740,1930,0,0,0
12740,1890,0,0,0
12740,1900,0,1,0
12740,1880,0,0,0
12805,1930,0,0,0
12805,1900,0,0,0
12805,1890,0,0,0
12805,1870,0,0,0
12805,1880,0,0,0
12805,1920,0,0,0
12805,1910,0,0,0
12935,1870,0,0,0
12935,1880,0,0,0
12935,1920,0,0,0
12935,1910,0,0,0
12935,1900,0,0,0
12935,1890,0,0,0
12935,1930,1,0,0
13065,1900,0,0,0
13065,1930,1,0,0
13065,1890,0,0,0
13065,1870,0,0,0
13065,1880,0,0,0
13065,1920,0,0,0
13065,1910,0,0,0
13195,1890,0,0,0
13195,1910,0,0,0
13195,1920,0,0,0
13195,1870,0,0,0
13195,1930,0,0,0
13195,1900,0,0,0
13195,1880,0,0,0
13260,1910,0,0,0
13260,1890,0,0,0
13260,1920,0,0,0
13260,1930,0,0,0
13260,1870,0,0,0
13260,1900,0,0,0
13260,1880,0,0,0
13390,1880,1,0,0
13390,1910,0,0,0
13390,1930,0,0,0
13390,1890,0,0,0
13390,1920,0,0,0
13390,1900,0,0,0
13390,1870,0,0,0
13455,1930,0,0,0
13455,1920,0,0,0
13455,1910,0,0,0
13455,1890,0,0,0
13455,1880,0,0,1
13455,1900,0,0,0
13455,1870,0,0,0
13585,1870,0,0,0
13585,1930,0,0,0
13585,1890,0,0,0
13585,1910,1,0,0
13585,1880,0,0,0
13585,1920,0,0,0
13585,1900,0,0,0
13650,1880,0,0,0
13650,1900,0,0,0
13650,1920,0,0,0
13650,1930,0,0,0
13650,1910,1,0,0
13650,1870,0,0,0
13650,1890,0,0,0
13715,1890,0,0,0
13715,1900,0,0,0
13715,1920,0,0,0
13715,1870,0,0,0
13715,1880,0,0,0
13715,1930,0,0,0
13715,1910,1,0,0
13845,1900,0,0,0
13845,1910,0,0,0
13845,1870,0,0,0
13845,1890,0,0,0
13845,1880,1,0,0
13845,1930,0,0,0
13845,1920,0,0,0
13975,1910,0,0,0
13975,1920,0,0,0
13975,1870,0,0,0
13975,1880,0,0,0
13975,1900,0,0,0
13975,1890,0,0,0
13975,1930,1,0,0
14365,1870,1,0,0
14365,1900,0,0,0
14365,1910,0,0,0
14365,1930,0,0,0
14365,1880,0,0,0
14365,1920,0,0,0
14365,1890,0,0,0
14495,1870,0,0,0
14495,1900,0,0,0
14495,1930,1,0,0
14495,1920,0,0,0
14495,1890,0,0,0
14495,1910,0,0,0
14495,1880,0,0,0
14560,1930,0,0,0
14560,1870,0,0,0
14560,1890,0,0,0
14560,1910,0,0,0
14560,1880,1,0,0
14560,1920,0,0,0
14560,1900,0,0,0
14625,1880,0,0,0
14625,1930,0,0,0
14625,1870,0,0,0
14625,1900,0,0,0
14625,1910,0,0,0
14625,1920,1,0,0
14625,1890,0,0,0
14690,1880,0,0,0
14690,1920,1,0,0
14690,1900,0,0,0
14690,1930,0,0,0
14690,1870,0,0,0
14690,1910,0,0,0
14690,1890,0,0,0
14820,1870,1,0,0
14820,1900,0,0,0
14820,1920,0,0,0
14820,1930,1,0,0
14820,1910,0,0,0
14820,1880,0,0,0
14820,1890,0,0,0
14885,1880,0,0,0
14885,1910,0,0,0
14885,1900,0,0,0
14885,1870,0,0,0
14885,1890,0,0,0
14885,1920,0,0,0
14885,1930,0,0,0
15015,1870,0,0,0
15015,1930,0,0,0
15015,1920,1,0,0
15015,1900,0,0,0
15015,1910,0,0,0
15015,1890,0,0,0
15015,1880,0,0,0
15080,1920,0,0,0
15080,1890,0,0,0
15080,1870,0,0,0
15080,1880,0,0,0
15080,1910,0,0,0
15080,1930,1,0,0
15080,1900,0,0,0
15340,1870,0,0,0
15340,1890,0,0,0
15340,1910,0,0,0
15340,1920,0,0,0
15340,1900,0,0,0
15340,1930,1,0,0
15340,1880,0,0,0
15405,1880,0,0,0
15405,1900,0,0,0
15405,1930,0,1,0
15405,1890,0,0,0
15405,1910,0,0,0
15405,1870,0,0,0
15405,1920,0,0,0
15535,1880,0,0,0
15535,1870,0,0,0
15535,1910,0,0,0
15535,1920,0,0,0
15535,1930,1,0,0
15535,1890,0,0,0
15535,1900,0,0,0
15665,1900,0,0,0
15665,1890,0,0,0
15665,1870,0,0,0
15665,1920,0,0,0
15665,1930,0,0,0
15665,1910,1,0,0
15665,1880,0,0,0
15730,1920,1,0,0
15730,1930,0,0,0
15730,1870,0,0,0
15730,1880,0,0,0
15730,1890,0,0,0
15730,1910,0,0,0
15730,1900,0,0,0
15860,1890,0,0,0
15860,1880,0,0,0
15860,1930,1,1,0
15860,1900,0,0,0
15860,1870,0,0,0
15860,1920,0,0,0
15860,1910,0,0,0
15925,1910,0,0,0
15925,1890,0,0,0
15925,1870,0,0,0
15925,1920,0,0,0
15925,1900,0,0,0
15925,1930,1,0,0
15925,1880,0,0,0
16185,1890,0,0,0
16185,1920,0,0,0
16185,1870,0,0,0
16185,1900,0,0,0
16185,1910,0,0,0
16185,1930,0,0,0
16185,1880,0,0,0
16250,1930,1,0,0
16250,1890,0,0,0
16250,1870,0,0,0
16250,1920,0,0,0
16250,1880,0,0,0
16250,1900,0,0,0
16250,1910,0,0,0
16315,1880,0,0,0
16315,1900,0,0,0
16315,1920,0,0,0
16315,1930,1,0,0
16315,1870,0,0,0
16315,1910,0,0,0
16315,1890,0,0,0
16510,1900,0,0,0
16510,1890,0,0,0
16510,1870,0,0,0
16510,1880,0,0,0
16510,1930,2,0,0
16510,1920,0,0,0
16510,1910,0,0,0
16705,1920,0,0,0
16705,1870,0,0,0
16705,1900,0,0,0
16705,1880,0,0,0
16705,1930,1,0,0
16705,1910,0,0,0
16705,1890,0,0,0
16770,1930,1,0,0
16770,1890,0,0,0
16770,1900,0,0,0
16770,1870,0,0,0
16770,1910,0,0,0
16770,1920,0,0,0
16770,1880,0,0,0
16900,1910,0,0,0
16900,1880,0,0,0
16900,1870,0,0,0
16900,1930,1,0,0
16900,1900,0,0,0
16900,1890,0,0,0
16900,1920,0,0,0
16965,1920,0,0,0
16965,1900,0,0,0
16965,1930,1,0,0
16965,1870,0,0,0
16965,1910,0,0,0
16965,1890,0,0,0
16965,1880,0,0,0
17030,1870,0,0,0
17030,1890,0,0,0
17030,1900,0,0,0
17030,1880,0,0,0
17030,1920,0,0,0
17030,1930,2,1,0
17030,1910,0,0,0
17095,1930,1,0,0
17095,1870,0,0,0
17095,1920,0,0,0
17095,1890,0,0,0
17095,1910,0,0,0
17095,1880,0,0,0
17095,1900,0,0,0
17225,1930,0,0,0
17225,1870,0,0,0
17225,1880,0,0,0
17225,1920,0,0,0
17225,1910,1,0,0
17225,1900,0,0,0
17225,1890,0,0,0
17290,1910,1,0,0
17290,1890,0,0,0
17290,1880,0,0,0
17290,1870,0,0,0
17290,1900,0,0,0
17290,1930,0,0,0
17290,1920,0,0,0
17485,1910,0,0,0
17485,1900,0,0,0
17485,1870,0,0,0
17485,1920,0,0,0
17485,1890,0,0,0
17485,1930,0,0,0
17485,1880,0,0,0
17615,1910,0,0,0
17615,1870,1,0,0
17615,1920,0,0,0
17615,1930,1,0,0
17615,1890,0,0,0
17615,1880,0,0,0
17615,1900,0,0,0
17745,1900,0,0,0
17745,1890,0,0,0
17745,1910,1,0,0
17745,1920,0,0,0
17745,1880,0,0,0
17745,1870,0,0,0
17745,1930,0,0,0
17875,1920,0,0,0
17875,1870,0,0,0
17875,1910,0,0,0
17875,1880,0,0,0
17875,1900,0,0,0
17875,1890,0,0,0
17875,1930,1,0,0
17940,1880,0,0,0
17940,1890,0,0,0
17940,1900,0,0,0
17940,1910,0,0,0
17940,1920,0,0,0
17940,1870,0,0,0
17940,1930,1,0,0
18135,1900,0,0,0
18135,1920,0,0,0
18135,1890,0,0,0
18135,1930,1,0,0
18135,1910,0,0,0
18135,1880,0,0,0
18135,1870,0,0,0
18200,1920,0,0,0
18200,1870,0,0,0
18200,1900,0,0,0
18200,1880,0,0,0
18200,1930,1,0,0
18200,1910,0,0,0
18200,1890,0,0,0
18395,1900,0,0,0
18395,1930,1,0,0
18395,1870,0,0,0
18395,1920,0,0,0
18395,1880,0,0,0
18395,1910,0,0,0
18395,1890,0,0,0
18460,1890,0,0,0
18460,1920,0,0,0
18460,1870,0,0,0
18460,1930,1,0,0
18460,1900,0,0,0
18460,1910,0,0,0
18460,1880,0,0,0
18525,1870,0,0,0
18525,1880,0,0,0
18525,1920,0,0,0
18525,1930,0,0,0
18525,1910,0,0,0
18525,1900,0,0,0
18525,1890,0,0,0
18655,1890,0,0,0
18655,1880,0,0,0
18655,1930,0,0,0
18655,1900,0,0,0
18655,1870,0,0,0
18655,1920,0,0,0
18655,1910,0,0,0
18850,1870,0,0,0
18850,1900,0,0,0
18850,1910,0,0,0
18850,1890,0,0,0
18850,1920,0,0,0
18850,1880,0,0,0
18850,1930,1,0,0
18980,1930,1,0,0
18980,1870,0,0,0
18980,1890,0,0,0
18980,1880,0,0,0
18980,1920,0,0,0
18980,1900,0,0,0
18980,1910,0,0,0
19110,1870,0,0,0
19110,1910,0,1,0
19110,1920,0,0,0
19110,1900,0,0,0
19110,1930,1,0,0
19110,1880,0,0,0
19110,1890,0,0,0
19175,1880,1,0,0
19175,1920,0,0,0
19175,1870,0,0,0
19175,1900,0,0,0
19175,1890,0,0,0
19175,1910,0,0,0
19175,1930,0,0,0
19240,1890,0,0,0
19240,1900,0,0,0
19240,1920,0,0,0
19240,1870,0,0,0
19240,1930,0,0,0
19240,1880,1,0,0
19240,1910,0,0,0
19305,1930,0,0,0
19305,1880,0,0,0
19305,1920,0,0,0
19305,1900,1,0,0
19305,1890,0,0,0
19305,1870,0,0,0
19305,1910,0,0,0
19370,1900,0,0,0
19370,1920,1,0,0
19370,1910,0,0,0
19370,1930,0,0,0
19370,1870,0,0,0
19370,1880,0,0,0
19370,1890,0,0,0
19630,1910,0,0,0
19630,1880,0,0,0
19630,1900,0,0,0
19630,1920,1,0,0
19630,1930,0,0,0
19630,1870,0,0,0
19630,1890,0,0,0
19695,1910,1,0,0
19695,1870,0,0,0
19695,1890,0,0,0
19695,1900,0,0,0
19695,1880,0,0,0
19695,1920,0,0,0
19695,1930,0,0,0
19760,1880,0,0,0
19760,1870,0,0,0
19760,1930,1,0,0
19760,1910,0,0,0
19760,1900,0,0,0
19760,1890,0,0,0
19760,1920,0,0,0
19890,1920,0,0,0
19890,1930,1,0,0
19890,1910,0,0,0
19890,1900,0,0,0
19890,1870,0,0,0
19890,1890,0,0,0
19890,1880,0,0,0
20215,1890,0,0,0
20215,1920,0,0,0
20215,1880,1,0,0
20215,1930,0,0,0
20215,1910,0,0,0
20215,1870,0,0,0
20215,1900,0,0,0
20280,1930,0,0,0
20280,1910,0,1,0
20280,1920,0,0,0
20280,1870,0,0,0
20280,1880,0,0,0
20280,1890,0,0,0
20280,1900,1,0,0
20345,1910,0,0,0
20345,1920,0,0,0
20345,1930,0,1,0
20345,1890,0,0,0
20345,1870,0,0,0
20345,1880,0,0,0
20345,1900,0,0,0
20475,1880,0,0,0
20475,1930,0,0,0
20475,1870,0,0,0
20475,1910,0,0,0
20475,1920,0,0,1
20475,1900,0,0,0
20475,1890,0,0,0
20540,1900,0,0,0
20540,1870,0,0,0
20540,1910,0,0,0
20540,1920,0,0,0
20540,1880,0,0,0
20540,1890,0,0,0
20540,1930,0,0,0
20605,1900,0,0,0
20605,1930,0,0,0
20605,1880,0,0,0
20605,1870,0,0,0
20605,1920,0,0,0
20605,1890,0,0,0
20605,1910,0,0,0
20735,1920,0,0,0
20735,1890,0,0,0
20735,1880,0,0,0
20735,1870,0,0,0
20735,1900,0,0,0
20735,1930,0,0,0
20735,1910,0,0,0
20800,1910,0,0,0
20800,1880,0,0,0
20800,1870,0,0,0
20800,1930,0,1,0
20800,1920,0,0,0
20800,1900,0,0,0
20800,1890,0,0,0
20865,1910,0,0,0
20865,1870,0,0,0
20865,1880,0,0,0
20865,1920,0,0,0
20865,1890,0,0,0
20865,1930,0,0,0
20865,1900,0,0,0
20995,1930,0,0,0
20995,1920,0,0,0
20995,1910,0,0,0
20995,1880,0,0,0
20995,1900,0,0,0
20995,1870,0,0,0
20995,1890,0,0,1
21060,1870,0,0,0
21060,1910,0,0,0
21060,1900,0,1,0
21060,1930,0,0,0
21060,1890,0,0,0
21060,1880,0,0,0
21060,1920,0,0,0
21125,1870,0,0,0
21125,1910,0,0,0
21125,1890,0,0,0
21125,1900,0,1,0
21125,1930,0,0,0
21125,1920,0,0,0
21125,1880,0,0,0
21255,1930,0,1,0
21255,1880,0,0,0
21255,1910,0,0,0
21255,1920,0,0,0
21255,1870,0,0,0
21255,1900,0,0,0
21255,1890,0,0,0
21320,1890,0,0,0
21320,1910,1,0,0
21320,1930,0,1,0
21320,1870,0,0,0
21320,1900,0,0,0
21320,1880,0,0,0
21320,1920,0,0,0
21385,1910,1,0,0
21385,1870,0,0,0
21385,1880,0,0,0
21385,1890,0,0,0
21385,1900,0,0,0
21385,1920,0,0,0
21385,1930,0,1,0
21450,1920,0,0,0
21450,1910,0,0,0
21450,1890,0,0,0
21450,1900,0,0,0
21450,1930,0,1,0
21450,1880,0,0,0
21450,1870,0,0,0
21645,1920,0,0,0
21645,1890,0,0,0
21645,1910,0,1,0
21645,1900,0,0,0
21645,1880,0,0,0
21645,1870,0,0,0
21645,1930,0,0,0
21775,1920,0,0,0
21775,1930,0,0,0
21775,1890,0,0,0
21775,1900,0,0,0
21775,1880,0,0,0
21775,1870,0,0,0
21775,1910,0,1,0
21840,1930,0,2,0
21840,1870,0,0,0
21840,1900,0,0,0
21840,1910,0,0,0
21840,1920,0,0,0
21840,1880,0,0,0
21840,1890,0,0,0
21905,1890,0,0,0
21905,1880,0,0,0
21905,1920,0,0,0
21905,1930,0,0,0
21905,1910,0,0,0
21905,1870,0,0,0
21905,1900,0,0,0
22035,1910,1,0,0
22035,1890,0,0,0
22035,1880,0,0,0
22035,1870,0,0,0
22035,1930,0,0,0
22035,1900,0,0,0
22035,1920,0,2,0
22100,1930,0,0,0
22100,1890,0,0,0
22100,1880,0,0,0
22100,1900,0,0,0
22100,1870,0,0,0
22100,1920,0,0,0
22100,1910,1,0,0
22295,1880,0,0,0
22295,1890,0,0,0
22295,1930,0,1,0
22295,1910,0,0,0
22295,1870,0,0,0
22295,1920,0,0,0
22295,1900,0,0,0
22360,1910,0,0,0
22360,1890,0,0,0
22360,1920,0,0,0
22360,1880,0,0,0
22360,1870,0,0,0
22360,1930,0,1,0
22360,1900,0,0,0
22555,1930,0,0,0
22555,1900,0,0,0
22555,1870,0,0,0
22555,1910,0,0,0
22555,1880,0,0,0
22555,1920,0,0,0
22555,1890,0,0,0
22620,1930,0,0,0
22620,1900,0,0,0
22620,1920,0,0,0
22620,1890,0,0,0
22620,1880,0,0,0
22620,1910,0,0,0
22620,1870,0,0,0
22685,1890,0,0,0
22685,1900,0,0,0
22685,1920,0,0,0
22685,1880,0,0,0
22685,1870,0,0,0
22685,1930,0,0,0
22685,1910,0,0,0
22750,1890,0,0,0
22750,1910,0,0,0
22750,1880,0,0,0
22750,1920,0,0,0
22750,1930,0,1,0
22750,1870,0,0,0
22750,1900,0,0,0
22815,1890,0,0,0
22815,1870,0,0,0
22815,1880,0,0,0
22815,1920,0,0,0
22815,1900,0,0,0
22815,1930,0,0,0
22815,1910,0,0,0
22945,1930,0,1,0
22945,1900,0,0,0
22945,1890,0,0,0
22945,1870,0,0,0
22945,1910,0,0,0
22945,1880,0,0,0
22945,1920,0,0,0
23010,1880,0,0,0
23010,1920,0,0,0
23010,1870,0,0,0
23010,1930,0,1,0
23010,1900,0,0,0
23010,1890,0,0,0
23010,1910,0,0,0
23075,1870,0,0,0
23075,1880,0,0,0
23075,1930,0,1,0
23075,1910,0,0,0
23075,1900,0,0,0
23075,1890,0,0,0
23075,1920,0,0,0
23140,1900,0,0,0
23140,1890,1,0,0
23140,1910,0,0,0
23140,1870,0,0,0
23140,1920,0,0,0
23140,1930,0,0,0
23140,1880,0,0,0
23270,1890,0,1,0
23270,1920,0,0,0
23270,1910,0,0,0
23270,1900,0,0,0
23270,1880,0,0,0
23270,1870,0,0,0
23270,1930,0,0,0
23400,1870,0,0,0
23400,1920,0,0,0
23400,1910,0,0,0
23400,1880,0,0,0
23400,1890,0,1,0
23400,1900,0,0,0
23400,1930,0,0,0
23530,1930,0,1,0
23530,1900,0,0,0
23530,1920,0,0,0
23530,1870,0,0,0
23530,1910,0,0,0
23530,1880,0,0,0
23530,1890,0,0,0
23660,1900,0,0,0
23660,1910,0,0,0
23660,1920,0,0,0
23660,1890,0,0,0
23660,1870,0,0,0
23660,1930,0,0,0
23660,1880,0,0,0
23725,1890,0,0,0
23725,1930,0,0,0
23725,1870,0,0,0
23725,1880,0,0,0
23725,1910,0,0,0
23725,1920,0,0,0
23725,1900,0,0,0
23790,1870,0,0,0
23790,1890,0,0,0
23790,1930,0,0,0
23790,1900,0,0,0
23790,1920,0,0,0
23790,1910,0,0,0
23790,1880,0,0,0
23985,1900,0,0,0
23985,1930,0,0,0
23985,1890,0,0,0
23985,1910,0,0,0
23985,1880,0,0,0
23985,1920,0,0,0
23985,1870,0,0,0
24115,1890,0,0,0
24115,1870,0,0,0
24115,1930,0,0,0
24115,1910,0,0,0
24115,1880,0,0,0
24115,1920,0,0,0
24115,1900,0,0,0
24180,1890,0,0,0
24180,1930,0,0,0
24180,1910,0,0,0
24180,1920,0,0,0
24180,1880,0,0,0
24180,1900,0,0,0
24180,1870,0,0,0
24310,1890,0,0,0
24310,1910,0,0,0
24310,1930,0,0,0
24310,1880,0,0,0
24310,1920,0,0,0
24310,1900,0,0,0
24310,1870,0,0,0
24440,1930,0,0,0
24440,1880,0,0,0
24440,1920,0,0,0
24440,1870,0,0,0
24440,1890,0,0,0
24440,1910,0,0,0
24440,1900,0,0,0
24635,1920,0,2,0
24635,1930,1,0,0
24635,1900,0,0,0
24635,1910,0,0,0
24635,1890,0,0,0
24635,1880,0,1,1
24635,1870,0,0,0
24700,1880,0,0,0
24700,1930,0,0,1
24700,1920,0,0,0
24700,1910,0,0,0
24700,1900,0,0,0
24700,1870,0,0,0
24700,1890,0,0,0
24830,1890,0,0,0
24830,1900,0,0,0
24830,1880,0,0,0
24830,1930,1,0,0
24830,1920,0,0,0
24830,1870,0,0,0
24830,1910,0,0,0
24895,1920,0,0,0
24895,1930,1,0,0
24895,1880,0,0,1
24895,1910,0,0,0
24895,1900,0,0,0
24895,1890,0,0,0
24895,1870,0,0,0
24960,1930,0,0,0
24960,1910,0,0,0
24960,1900,0,0,0
24960,1870,0,0,0
24960,1890,0,0,0
24960,1920,0,0,0
24960,1880,0,0,0
25090,1930,0,1,0
25090,1920,0,0,0
25090,1870,0,0,0
25090,1910,0,0,0
25090,1880,0,0,0
25090,1900,0,0,0
25090,1890,0,1,1
25155,1880,0,0,0
25155,1920,0,0,0
25155,1910,0,0,0
25155,1890,0,1,0
25155,1870,0,0,0
25155,1900,0,1,0
25155,1930,0,0,0
25350,1890,0,0,0
25350,1900,0,0,0
25350,1920,0,0,0
25350,1870,0,0,0
25350,1910,0,0,0
25350,1880,0,0,0
25350,1930,0,0,0
25415,1890,0,0,0
25415,1900,0,0,0
25415,1920,0,0,0
25415,1880,0,0,0
25415,1870,0,0,0
25415,1930,0,1,0
25415,1910,0,0,0
25480,1910,0,0,0
25480,1900,0,0,0
25480,1920,0,0,0
25480,1930,1,0,0
25480,1890,0,0,0
25480,1880,0,0,0
25480,1870,0,0,0
25545,1930,1,0,0
25545,1900,0,0,0
25545,1920,0,0,0
25545,1910,0,0,0
25545,1880,0,0,0
25545,1890,0,0,0
25545,1870,0,0,0
25675,1920,0,0,0
25675,1890,0,0,0
25675,1930,0,0,0
25675,1900,0,0,0
25675,1870,0,0,0
25675,1910,0,0,0
25675,1880,0,0,0
25740,1870,0,0,0
25740,1920,0,1,0
25740,1880,0,0,0
25740,1910,0,0,0
25740,1890,0,0,0
25740,1930,0,0,0
25740,1900,0,0,0
25805,1910,0,0,0
25805,1890,0,1,0
25805,1880,0,0,0
25805,1920,0,0,0
25805,1930,0,0,0
25805,1900,0,0,0
25805,1870,0,0,0
25870,1900,0,0,0
25870,1890,0,1,0
25870,1880,0,0,0
25870,1930,0,0,0
25870,1910,0,0,0
25870,1920,0,0,0
25870,1870,0,0,0
26065,1930,0,0,1
26065,1880,0,0,0
26065,1910,0,0,0
26065,1920,0,0,0
26065,1870,0,0,0
26065,1900,0,0,0
26065,1890,0,0,0
26130,1910,0,0,0
26130,1930,0,0,1
26130,1920,0,0,0
26130,1880,0,0,0
26130,1890,0,0,0
26130,1900,0,0,0
26130,1870,0,0,0
26195,1920,0,0,0
26195,1880,0,0,0
26195,1910,0,0,0
26195,1890,0,0,0
26195,1900,0,0,0
26195,1930,0,2,0
26195,1870,0,0,0
26260,1930,0,0,0
26260,1920,0,0,0
26260,1890,0,1,1
26260,1880,0,0,0
26260,1900,0,0,0
26260,1910,0,0,0
26260,1870,0,0,0
26325,1930,0,1,0
26325,1920,0,0,0
26325,1900,0,0,0
26325,1910,0,0,0
26325,1880,0,0,0
26325,1890,0,0,0
26325,1870,0,0,0
26390,1890,0,0,0
26390,1930,0,1,0
26390,1910,0,0,0
26390,1880,0,0,0
26390,1870,0,0,0
26390,1900,0,0,0
26390,1920,0,0,0
26455,1920,0,0,0
26455,1890,0,0,0
26455,1870,0,0,0
26455,1930,0,0,0
26455,1910,0,0,0
26455,1880,0,0,0
26455,1900,0,0,0
26520,1920,0,0,0
26520,1900,0,0,0
26520,1930,0,1,0
26520,1910,0,0,0
26520,1890,0,0,0
26520,1880,0,0,0
26520,1870,0,0,0
26585,1910,0,0,0
26585,1900,0,0,0
26585,1880,0,0,0
26585,1870,0,0,0
26585,1890,0,0,0
26585,1930,0,0,0
26585,1920,0,0,0
26715,1930,0,0,0
26715,1920,0,0,0
26715,1900,0,0,0
26715,1880,0,0,0
26715,1910,0,0,0
26715,1870,0,0,0
26715,1890,0,1,0
27040,1870,0,0,0
27040,1930,0,0,0
27040,1890,0,4,0
27040,1880,0,0,0
27040,1910,0,0,0
27040,1920,0,0,0
27040,1900,0,0,0
27105,1930,0,0,0
27105,1920,0,0,0
27105,1870,0,0,0
27105,1890,0,1,1
27105,1880,0,0,0
27105,1900,0,0,0
27105,1910,0,0,0
27170,1920,0,0,0
27170,1930,0,0,0
27170,1910,0,0,0
27170,1890,0,2,1
27170,1880,0,4,1
27170,1870,0,0,0
27170,1900,0,0,0
27235,1920,0,1,0
27235,1930,0,0,0
27235,1890,0,0,1
27235,1880,0,0,0
27235,1870,0,0,0
27235,1900,0,0,0
27235,1910,0,0,0
27300,1870,0,0,0
27300,1920,0,0,0
27300,1900,0,2,0
27300,1890,0,2,0
27300,1910,0,0,0
27300,1880,0,0,0
27300,1930,0,0,0
27365,1930,0,0,0
27365,1920,0,0,0
27365,1890,0,1,1
27365,1900,0,0,0
27365,1910,0,0,0
27365,1880,0,0,0
27365,1870,0,0,0
27430,1920,0,0,0
27430,1930,0,0,0
27430,1900,0,0,0
27430,1890,0,4,1
27430,1880,0,0,0
27430,1870,0,0,0
27430,1910,0,0,0
27495,1900,0,0,0
27495,1870,0,0,0
27495,1910,0,0,0
27495,1890,0,1,0
27495,1920,0,1,0
27495,1930,0,0,0
27495,1880,0,0,0
27755,1870,0,0,0
27755,1920,0,0,0
27755,1930,0,0,0
27755,1890,0,1,0
27755,1880,0,0,0
27755,1900,0,0,0
27755,1910,0,0,0
27885,1920,0,0,0
27885,1930,0,1,0
27885,1880,0,0,0
27885,1910,0,0,0
27885,1870,0,0,0
27885,1900,0,0,0
27885,1890,0,2,2
27950,1910,0,0,0
27950,1870,0,0,0
27950,1930,0,0,0
27950,1920,0,0,0
27950,1900,0,1,0
27950,1890,0,0,0
27950,1880,0,0,0
28080,1930,0,0,0
28080,1920,0,0,0
28080,1890,0,0,0
28080,1870,0,0,0
28080,1900,0,1,0
28080,1880,0,0,0
28080,1910,0,0,0
28210,1900,0,0,0
28210,1910,0,0,0
28210,1920,0,0,0
28210,1930,1,0,0
28210,1890,0,0,0
28210,1870,0,0,0
28210,1880,0,0,0
28275,1930,0,0,0
28275,1910,0,0,0
28275,1900,0,0,0
28275,1890,0,0,0
28275,1880,0,0,0
28275,1870,0,0,0
28275,1920,0,0,0
28340,1870,0,0,0
28340,1880,0,0,0
28340,1920,0,1,0
28340,1900,0,0,0
28340,1930,0,0,0
28340,1910,0,0,0
28340,1890,0,0,0
28470,1910,0,0,0
28470,1890,0,0,0
28470,1900,0,0,0
28470,1880,0,0,0
28470,1870,0,0,0
28470,1920,0,0,0
28470,1930,0,1,0
28665,1880,0,0,0
28665,1930,0,0,0
28665,1890,0,0,0
28665,1870,0,0,0
28665,1920,0,0,0
28665,1900,0,0,0
28665,1910,0,1,0
28730,1890,0,0,0
28730,1880,0,0,0
28730,1910,0,0,0
28730,1870,0,0,0
28730,1920,0,1,0
28730,1930,0,0,0
28730,1900,0,0,0
28860,1920,0,0,0
28860,1890,0,0,0
28860,1870,0,0,0
28860,1900,0,0,0
28860,1880,0,0,0
28860,1910,0,0,0
28860,1930,0,1,0
28925,1880,0,0,0
28925,1930,0,0,0
28925,1870,0,0,0
28925,1910,0,0,0
28925,1920,0,0,0
28925,1890,0,0,0
28925,1900,0,1,0
28990,1920,0,0,0
28990,1930,1,0,0
28990,1870,0,0,0
28990,1880,0,0,0
28990,1900,0,0,0
28990,1890,0,3,2
28990,1910,0,0,0
29250,1880,0,0,0
29250,1930,1,0,0
29250,1890,0,0,0
29250,1870,0,0,0
29250,1910,0,0,0
29250,1900,0,0,0
29250,1920,0,1,0
29380,1890,0,0,0
29380,1910,0,0,0
29380,1920,0,0,0
29380,1930,0,0,0
29380,1870,0,0,0
29380,1900,0,1,0
29380,1880,0,0,0
29705,1900,0,0,0
29705,1890,0,0,0
29705,1880,0,0,0
29705,1870,0,0,0
29705,1910,0,0,0
29705,1920,0,0,0
29705,1930,0,1,0
29770,1870,0,0,0
29770,1920,0,0,0
29770,1900,0,0,0
29770,1880,0,0,0
29770,1890,0,0,0
29770,1910,0,0,0
29770,1930,2,0,0
29835,1880,0,0,0
29835,1890,0,0,0
29835,1910,0,1,0
29835,1870,0,0,0
29835,1930,0,0,0
29835,1920,0,0,0
29835,1900,0,0,0
29965,1920,0,0,0
29965,1930,1,0,0
29965,1880,0,0,0
29965,1890,0,0,0
29965,1870,0,0,0
29965,1900,0,0,0
29965,1910,0,0,0
30030,1910,0,0,0
30030,1870,0,0,0
30030,1930,0,0,0
30030,1880,0,0,0
30030,1890,0,0,0
30030,1920,0,0,0
30030,1900,0,0,0
30095,1920,0,0,0
30095,1930,0,0,0
30095,1880,0,0,0
30095,1870,0,0,0
30095,1890,0,0,0
30095,1910,0,0,0
30095,1900,0,0,0
30160,1870,0,0,0
30160,1920,0,0,0
30160,1890,0,1,0
30160,1910,0,0,0
30160,1930,0,0,0
30160,1880,0,0,0
30160,1900,0,0,0
30225,1880,0,0,0
30225,1910,0,0,0
30225,1930,0,0,0
30225,1870,0,0,0
30225,1920,0,0,0
30225,1900,0,0,0
30225,1890,0,1,0
30290,1890,0,0,0
30290,1870,0,0,0
30290,1880,0,0,0
30290,1910,0,1,0
30290,1920,0,0,0
30290,1900,0,0,0
30290,1930,0,0,0
30485,1930,1,0,0
30485,1920,0,0,0
30485,1910,0,0,0
30485,1890,0,0,0
30485,1900,0,0,0
30485,1870,0,0,0
30485,1880,0,0,0
30745,1910,0,1,0
30745,1920,0,0,0
30745,1890,0,0,0
30745,1900,0,2,0
30745,1880,0,0,0
30745,1870,0,0,0
30745,1930,3,0,0
30810,1920,0,0,0
30810,1890,0,0,0
30810,1880,0,0,0
30810,1870,0,0,0
30810,1900,0,1,0
30810,1910,0,1,0
30810,1930,0,1,0
30875,1910,0,1,0
30875,1930,1,0,0
30875,1920,0,0,0
30875,1880,0,0,0
30875,1900,0,0,0
30875,1890,0,0,0
30875,1870,0,0,0
30940,1930,0,1,0
30940,1890,0,0,0
30940,1900,0,0,0
30940,1920,0,0,0
30940,1880,0,0,0
30940,1870,0,0,0
30940,1910,0,0,0
31070,1870,0,0,0
31070,1930,0,0,0
31070,1910,0,0,0
31070,1920,0,0,0
31070,1890,0,0,0
31070,1880,0,0,0
31070,1900,0,1,0
31200,1890,0,0,0
31200,1920,0,0,0
31200,1910,0,0,0
31200,1900,0,0,0
31200,1870,0,0,0
31200,1880,0,0,0
31200,1930,1,0,0
31265,1930,1,0,0
31265,1910,0,0,0
31265,1890,0,0,0
31265,1900,0,0,0
31265,1880,0,0,0
31265,1870,0,0,0
31265,1920,0,0,0
31460,1890,0,0,0
31460,1880,0,0,0
31460,1900,0,0,0
31460,1870,0,0,0
31460,1910,0,0,0
31460,1920,0,0,0
31460,1930,0,1,0
31720,1910,0,0,0
31720,1930,1,0,0
31720,1920,0,0,0
31720,1900,0,0,0
31720,1880,0,0,0
31720,1890,0,0,0
31720,1870,0,0,0
31785,1890,0,0,0
31785,1880,0,0,0
31785,1910,0,0,0
31785,1900,0,0,0
31785,1870,0,0,0
31785,1920,0,0,0
31785,1930,1,0,0
31850,1880,0,0,0
31850,1900,0,0,0
31850,1890,0,0,0
31850,1910,0,0,0
31850,1870,0,0,0
31850,1930,1,0,0
31850,1920,0,0,0
31915,1910,0,0,0
31915,1930,0,2,0
31915,1880,0,0,0
31915,1900,0,0,0
31915,1890,0,0,0
31915,1920,0,0,0
31915,1870,0,0,0
31980,1920,0,0,0
31980,1900,0,0,0
31980,1880,0,0,0
31980,1910,0,0,0
31980,1930,1,1,0
31980,1870,0,0,0
31980,1890,0,0,0
32110,1910,0,0,0
32110,1930,1,0,0
32110,1890,1,0,0
32110,1920,0,0,0
32110,1880,0,1,0
32110,1870,0,0,0
32110,1900,0,0,0
32305,1870,0,0,0
32305,1880,0,0,0
32305,1910,0,0,0
32305,1920,0,0,0
32305,1930,1,0,0
32305,1890,0,0,0
32305,1900,0,0,0
32435,1930,1,0,0
32435,1920,0,0,0
32435,1900,0,0,0
32435,1910,0,0,0
32435,1890,0,0,0
32435,1870,0,0,0
32435,1880,0,0,0
32500,1870,0,0,0
32500,1900,0,0,0
32500,1930,1,0,0
32500,1890,0,0,0
32500,1880,0,0,0
32500,1910,0,0,0
32500,1920,0,0,0
32565,1870,0,0,0
32565,1890,0,0,0
32565,1900,0,0,0
32565,1880,0,0,0
32565,1910,0,0,0
32565,1930,1,0,0
32565,1920,0,0,0
32630,1910,0,0,0
32630,1890,0,0,0
32630,1920,0,0,0
32630,1930,1,0,0
32630,1900,0,0,0
32630,1870,0,0,0
32630,1880,0,0,0
32760,1920,0,0,0
32760,1930,0,1,0
32760,1900,0,0,0
32760,1880,0,0,0
32760,1890,0,0,0
32760,1910,0,0,0
32760,1870,0,0,0
32890,1920,0,0,0
32890,1910,0,0,0
32890,1880,0,0,0
32890,1900,0,0,0
32890,1890,0,0,0
32890,1870,0,0,0
32890,1930,0,0,0
32955,1900,0,0,0
32955,1890,0,0,0
32955,1930,0,1,0
32955,1920,0,0,0
32955,1870,0,0,0
32955,1910,0,0,0
32955,1880,0,0,0
33020,1890,0,0,0
33020,1920,0,0,0
33020,1910,0,0,0
33020,1870,0,0,0
33020,1930,0,1,0
33020,1900,0,0,0
33020,1880,0,0,0
33085,1870,0,0,0
33085,1880,0,0,0
33085,1900,0,0,0
33085,1910,0,0,0
33085,1920,0,0,0
33085,1930,0,1,0
33085,1890,0,0,0
33150,1910,0,0,0
33150,1930,0,0,0
33150,1870,0,0,0
33150,1880,0,0,0
33150,1890,0,0,0
33150,1900,0,0,0
33150,1920,0,0,0
33345,1890,0,0,0
33345,1870,0,0,0
33345,1930,2,0,0
33345,1910,0,0,0
33345,1880,0,0,0
33345,1900,0,0,0
33345,1920,0,0,0
33410,1900,0,0,0
33410,1910,0,0,0
33410,1890,0,0,0
33410,1870,0,0,0
33410,1880,0,0,0
33410,1920,0,1,0
33410,1930,0,0,0
33475,1920,0,0,0
33475,1890,0,0,0
33475,1900,0,0,0
33475,1910,0,0,0
33475,1880,0,0,0
33475,1870,0,0,0
33475,1930,1,0,0
33735,1870,0,0,0
33735,1930,1,0,0
33735,1920,0,0,0
33735,1880,0,0,0
33735,1910,0,0,0
33735,1900,0,0,0
33735,1890,0,0,0
33800,1930,2,0,0
33800,1870,0,0,0
33800,1920,0,0,0
33800,1910,0,0,0
33800,1900,0,0,0
33800,1880,0,0,0
33800,1890,0,0,0
33865,1930,0,0,0
33865,1910,0,0,0
33865,1900,0,0,0
33865,1880,0,0,0
33865,1890,0,0,0
33865,1920,0,0,0
33865,1870,0,0,0
33930,1920,0,0,0
33930,1880,0,0,0
33930,1870,0,0,0
33930,1910,0,0,0
33930,1890,0,0,0
33930,1930,1,0,0
33930,1900,0,0,0
33995,1910,0,0,0
33995,1930,1,1,0
33995,1900,0,0,0
33995,1880,0,0,0
33995,1890,0,0,0
33995,1870,0,0,0
33995,1920,0,0,0
34125,1880,0,0,0
34125,1930,2,0,0
34125,1900,0,0,0
34125,1890,0,0,0
34125,1910,0,0,0
34125,1920,0,0,0
34125,1870,0,0,0
34320,1920,0,0,0
34320,1900,0,0,0
34320,1930,1,1,0
34320,1890,0,0,0
34320,1870,0,0,0
34320,1880,0,0,0
34320,1910,0,0,0
34580,1900,0,0,0
34580,1920,0,0,0
34580,1930,0,0,0
34580,1910,0,0,0
34580,1870,0,0,0
34580,1880,0,0,0
34580,1890,0,0,0
34645,1910,0,0,0
34645,1930,0,1,0
34645,1920,0,0,0
34645,1870,0,0,0
34645,1880,0,0,0
34645,1890,0,0,0
34645,1900,0,0,0
35100,1890,0,0,0
35100,1870,0,0,0
35100,1900,0,14,0
35100,1930,6,6,0
35100,1920,2,2,2
35100,1910,0,11,0
35100,1880,0,1,0
35230,1910,0,0,0
35230,1870,0,0,0
35230,1890,0,0,0
35230,1900,0,0,0
35230,1880,0,0,0
35230,1920,0,0,0
35230,1930,0,1,0
35295,1910,0,0,0
35295,1870,0,0,0
35295,1880,0,0,0
35295,1900,0,0,0
35295,1930,0,1,0
35295,1920,0,1,0
35295,1890,0,0,0
35425,1880,0,1,0
35425,1870,0,0,0
35425,1920,0,1,0
35425,1900,0,1,0
35425,1910,0,0,0
35425,1890,0,0,0
35425,1930,2,1,0
35620,1930,2,7,0
35620,1900,0,0,0
35620,1880,0,0,0
35620,1890,0,0,0
35620,1910,0,1,0
35620,1920,0,0,0
35620,1870,0,0,0
35685,1920,1,0,0
35685,1930,2,0,0
35685,1910,0,1,0
35685,1880,0,0,0
35685,1870,0,0,0
35685,1900,0,14,0
35685,1890,0,3,1
35880,1880,0,0,0
35880,1890,0,0,0
35880,1870,0,0,0
35880,1910,0,0,0
35880,1930,1,0,0
35880,1900,0,0,0
35880,1920,0,0,0
36010,1890,0,0,0
36010,1920,0,0,0
36010,1880,0,0,0
36010,1910,0,0,0
36010,1870,0,0,0
36010,1930,3,2,0
36010,1900,0,0,0
36075,1900,0,0,0
36075,1920,0,2,0
36075,1870,0,0,0
36075,1890,0,0,0
36075,1930,0,0,0
36075,1880,0,0,0
36075,1910,0,0,0
36140,1930,3,6,0
36140,1910,0,2,0
36140,1880,0,0,0
36140,1920,0,0,0
36140,1870,0,0,0
36140,1900,0,2,0
36140,1890,0,0,0
36205,1900,0,0,0
36205,1910,0,1,0
36205,1870,0,0,0
36205,1930,3,2,0
36205,1920,0,0,0
36205,1880,0,0,0
36205,1890,0,0,0
36335,1920,0,4,0
36335,1890,0,0,0
36335,1930,9,4,0
36335,1900,0,0,0
36335,1880,0,0,0
36335,1910,0,0,0
36335,1870,0,0,0
36400,1930,0,1,0
36400,1890,0,0,0
36400,1910,0,0,0
36400,1880,0,0,0
36400,1870,0,0,0
36400,1920,0,0,0
36400,1900,0,0,0
36530,1930,0,0,0
36530,1920,0,0,0
36530,1910,0,0,0
36530,1900,0,0,0
36530,1870,0,0,0
36530,1890,0,0,0
36530,1880,0,0,1
36660,1900,0,0,0
36660,1870,0,0,0
36660,1890,0,0,0
36660,1930,0,0,0
36660,1920,0,0,0
36660,1910,0,0,0
36660,1880,0,0,0
37375,1920,0,0,0
37375,1910,0,0,0
37375,1900,0,0,0
37375,1880,0,0,0
37375,1870,0,0,0
37375,1890,0,0,0
37375,1930,0,1,0
37830,1920,0,0,0
37830,1930,0,0,0
37830,1900,0,2,1
37830,1890,0,0,0
37830,1870,0,0,0
37830,1910,0,0,0
37830,1880,0,0,0
37895,1880,0,0,0
37895,1890,0,0,0
37895,1910,0,0,0
37895,1900,0,0,0
37895,1920,0,0,0
37895,1870,0,0,0
37895,1930,0,0,0
38025,1930,0,1,0
38025,1890,0,2,0
38025,1870,0,0,0
38025,1880,0,0,0
38025,1910,0,0,0
38025,1920,0,0,0
38025,1900,0,0,0
38090,1920,0,0,0
38090,1910,0,0,0
38090,1870,0,0,0
38090,1890,0,0,0
38090,1930,1,1,0
38090,1880,0,0,0
38090,1900,0,0,0
38155,1900,0,0,0
38155,1880,0,0,0
38155,1930,0,0,0
38155,1920,0,0,0
38155,1870,0,0,0
38155,1910,0,0,0
38155,1890,0,2,0
38220,1880,0,0,0
38220,1890,0,2,0
38220,1920,0,0,0
38220,1930,0,1,0
38220,1900,0,0,0
38220,1910,0,0,0
38220,1870,0,0,0
38285,1880,0,0,0
38285,1870,0,0,0
38285,1910,0,0,0
38285,1930,0,0,0
38285,1900,0,0,0
38285,1890,0,2,0
38285,1920,0,0,0
38480,1910,0,0,0
38480,1900,0,0,0
38480,1870,0,0,0
38480,1880,1,0,0
38480,1920,0,0,0
38480,1930,0,0,0
38480,1890,0,0,0
38740,1870,0,0,0
38740,1910,0,0,0
38740,1920,0,0,0
38740,1900,0,0,0
38740,1880,0,0,0
38740,1930,0,1,0
38740,1890,0,1,0
38805,1910,0,0,0
38805,1920,0,0,0
38805,1870,0,0,0
38805,1890,0,0,0
38805,1880,0,0,0
38805,1900,0,0,0
38805,1930,3,0,0
39000,1920,1,0,0
39000,1880,0,0,0
39000,1910,0,0,0
39000,1870,0,0,0
39000,1930,2,0,0
39000,1900,0,0,0
39000,1890,0,0,0
39065,1910,0,0,0
39065,1880,0,0,0
39065,1930,1,0,0
39065,1870,0,0,0
39065,1920,0,0,0
39065,1890,0,0,0
39065,1900,0,0,0
39130,1910,0,0,0
39130,1890,0,0,0
39130,1870,0,0,0
39130,1920,0,0,0
39130,1900,0,0,0
39130,1930,0,3,0
39130,1880,0,0,0
39325,1920,0,1,0
39325,1910,0,0,0
39325,1930,1,4,0
39325,1870,0,0,0
39325,1900,0,0,0
39325,1890,0,0,0
39325,1880,0,0,0
39520,1920,0,0,0
39520,1890,0,0,0
39520,1910,0,0,0
39520,1930,1,1,0
39520,1900,0,0,0
39520,1870,0,0,0
39520,1880,0,0,0
39650,1890,0,0,0
39650,1900,0,0,0
39650,1930,0,2,0
39650,1880,0,0,0
39650,1910,0,0,0
39650,1920,0,0,0
39650,1870,0,0,0
39715,1930,1,1,0
39715,1920,1,0,0
39715,1880,0,0,0
39715,1890,0,0,0
39715,1910,0,0,0
39715,1870,0,0,0
39715,1900,0,0,0
39845,1910,0,0,0
39845,1870,0,0,0
39845,1890,0,0,0
39845,1930,1,1,0
39845,1920,0,0,0
39845,1880,0,0,0
39845,1900,0,0,0
39910,1900,0,0,0
39910,1920,1,0,0
39910,1930,2,0,0
39910,1880,0,0,0
39910,1910,0,0,0
39910,1870,0,0,0
39910,1890,0,0,0
40040,1910,0,0,0
40040,1890,0,0,0
40040,1920,0,0,0
40040,1930,0,1,0
40040,1880,0,0,0
40040,1870,0,0,0
40040,1900,0,0,0
40170,1910,0,0,0
40170,1930,0,0,0
40170,1920,0,0,0
40170,1900,0,1,0
40170,1880,2,0,0
40170,1870,0,0,0
40170,1890,0,0,0
40235,1880,0,0,0
40235,1920,0,0,0
40235,1890,0,0,0
40235,1870,0,0,0
40235,1930,0,0,0
40235,1900,0,1,0
40235,1910,0,0,0
40495,1920,0,0,0
40495,1930,0,0,0
40495,1900,0,0,0
40495,1870,0,0,0
40495,1890,0,1,1
40495,1910,0,0,0
40495,1880,0,0,0
40560,1870,0,0,0
40560,1880,0,0,0
40560,1900,0,0,0
40560,1920,0,0,0
40560,1910,0,0,0
40560,1890,0,0,0
40560,1930,0,0,0
40625,1920,0,0,0
40625,1930,0,0,0
40625,1890,0,0,1
40625,1900,0,0,0
40625,1910,0,0,0
40625,1870,0,0,0
40625,1880,0,0,0
40690,1900,0,1,0
40690,1880,0,0,0
40690,1910,0,0,0
40690,1920,0,0,0
40690,1890,0,0,0
40690,1870,0,0,0
40690,1930,0,0,0
40755,1880,0,0,0
40755,1910,0,0,0
40755,1920,0,0,0
40755,1900,0,0,0
40755,1870,0,0,0
40755,1930,0,0,0
40755,1890,0,0,0
41015,1890,0,0,0
41015,1910,0,0,0
41015,1880,0,0,0
41015,1900,0,0,0
41015,1920,0,0,0
41015,1930,0,0,0
41015,1870,0,0,0
41080,1920,0,0,0
41080,1930,0,0,0
41080,1910,0,0,1
41080,1890,0,0,0
41080,1880,0,0,0
41080,1900,0,0,0
41080,1870,0,0,0
41145,1930,0,0,0
41145,1920,0,0,0
41145,1890,0,0,0
41145,1880,0,0,0
41145,1900,1,5,1
41145,1910,0,0,0
41145,1870,0,0,0
41210,1930,0,0,0
41210,1900,0,1,0
41210,1880,0,0,0
41210,1870,0,0,0
41210,1920,0,0,0
41210,1890,0,0,0
41210,1910,0,0,0
41275,1880,0,0,0
41275,1900,0,0,0
41275,1930,0,0,0
41275,1910,0,0,0
41275,1920,1,0,0
41275,1870,0,0,0
41275,1890,0,0,0
41340,1890,0,0,0
41340,1920,0,0,0
41340,1880,0,1,0
41340,1870,0,0,0
41340,1900,0,0,0
41340,1910,0,0,0
41340,1930,0,0,0
41470,1930,1,0,0
41470,1920,0,0,0
41470,1890,0,0,0
41470,1900,0,0,0
41470,1880,0,0,0
41470,1910,0,0,0
41470,1870,0,0,0
41535,1900,0,1,0
41535,1930,2,0,0
41535,1910,0,0,0
41535,1920,2,0,0
41535,1890,0,0,0
41535,1870,0,0,0
41535,1880,0,0,0
41600,1880,0,4,0
41600,1910,0,0,0
41600,1900,0,0,0
41600,1930,0,0,0
41600,1870,0,0,0
41600,1920,0,0,0
41600,1890,0,0,0
41730,1930,0,0,0
41730,1870,0,0,0
41730,1910,0,1,0
41730,1880,0,0,0
41730,1900,0,0,0
41730,1890,0,0,0
41730,1920,0,0,0
41795,1910,0,0,0
41795,1880,0,1,0
41795,1900,0,0,0
41795,1930,0,0,0
41795,1870,0,0,0
41795,1890,0,0,0
41795,1920,0,0,0
41925,1890,0,0,0
41925,1880,0,0,0
41925,1910,0,0,0
41925,1920,0,0,0
41925,1870,0,0,0
41925,1900,0,1,0
41925,1930,0,0,0
41990,1930,0,0,0
41990,1920,0,0,0
41990,1890,0,1,0
41990,1910,0,0,0
41990,1870,0,0,0
41990,1880,0,0,0
41990,1900,0,7,4
42120,1880,0,0,0
42120,1900,0,0,0
42120,1890,0,0,0
42120,1870,0,0,0
42120,1920,0,0,0
42120,1930,0,1,0
42120,1910,0,0,0
42185,1890,0,0,0
42185,1920,0,0,0
42185,1930,1,0,0
42185,1910,0,0,0
42185,1900,0,0,0
42185,1880,0,0,0
42185,1870,0,0,0
42250,1880,0,0,0
42250,1890,0,0,0
42250,1870,0,0,0
42250,1910,0,0,0
42250,1920,0,0,0
42250,1930,2,0,0
42250,1900,0,0,0
42315,1890,0,0,0
42315,1910,0,0,0
42315,1930,1,0,0
42315,1870,0,0,0
42315,1880,0,0,0
42315,1920,0,0,0
42315,1900,0,0,0
42380,1910,0,0,0
42380,1890,0,0,0
42380,1900,0,0,0
42380,1930,0,0,0
42380,1880,0,0,0
42380,1920,0,0,0
42380,1870,0,0,0
42510,1900,0,0,0
42510,1930,1,0,0
42510,1890,0,0,0
42510,1870,0,0,0
42510,1880,0,0,0
42510,1910,0,0,0
42510,1920,0,0,0
42575,1870,0,0,0
42575,1910,0,0,0
42575,1880,0,0,0
42575,1900,0,0,0
42575,1920,0,0,0
42575,1890,0,0,0
42575,1930,1,0,0
42835,1890,0,0,0
42835,1870,0,0,0
42835,1920,0,0,0
42835,1880,0,0,0
42835,1910,0,0,0
42835,1930,1,0,0
42835,1900,0,0,0
42965,1930,0,0,0
42965,1920,0,0,0
42965,1900,0,0,0
42965,1880,0,0,0
42965,1910,0,1,0
42965,1870,0,0,0
42965,1890,0,0,0
43160,1930,1,0,0
43160,1910,0,0,0
43160,1890,0,0,0
43160,1880,0,0,0
43160,1900,0,0,0
43160,1870,0,0,0
43160,1920,0,0,0
43290,1920,0,0,0
43290,1930,0,0,0
43290,1880,0,0,0
43290,1870,0,0,0
43290,1900,0,0,0
43290,1890,0,0,1
43290,1910,0,0,0
43355,1920,0,0,0
43355,1930,0,0,0
43355,1880,0,0,0
43355,1910,0,0,0
43355,1890,0,1,1
43355,1870,0,0,0
43355,1900,0,0,0
43420,1910,0,0,0
43420,1920,0,0,0
43420,1890,0,1,0
43420,1930,0,0,0
43420,1870,0,0,0
43420,1900,0,0,0
43420,1880,0,0,0
43550,1910,0,0,0
43550,1870,0,0,0
43550,1900,0,1,0
43550,1920,0,0,0
43550,1930,0,1,0
43550,1890,0,0,0
43550,1880,0,0,0
43680,1890,0,0,0
43680,1870,0,0,0
43680,1910,0,0,0
43680,1920,0,0,0
43680,1880,0,0,0
43680,1900,0,0,0
43680,1930,0,1,0
43745,1890,0,0,0
43745,1880,0,0,0
43745,1870,0,0,0
43745,1930,0,1,0
43745,1920,0,0,0
43745,1900,0,0,0
43745,1910,0,0,0
43810,1880,0,0,0
43810,1870,0,0,0
43810,1890,0,0,0
43810,1900,0,0,0
43810,1910,0,0,0
43810,1920,0,0,0
43810,1930,0,1,0
43875,1930,0,1,0
43875,1880,0,0,0
43875,1910,0,0,0
43875,1870,0,0,0
43875,1900,0,0,0
43875,1890,0,0,0
43875,1920,0,0,0
43940,1920,0,0,0
43940,1880,0,0,0
43940,1910,0,0,0
43940,1870,0,0,0
43940,1900,0,0,0
43940,1930,0,1,0
43940,1890,0,0,0
44135,1890,0,0,0
44135,1880,0,0,0
44135,1910,0,0,0
44135,1920,0,0,0
44135,1870,0,0,0
44135,1930,1,0,0
44135,1900,0,0,0
44200,1930,0,0,0
44200,1920,0,0,0
44200,1870,0,0,0
44200,1880,0,0,0
44200,1910,0,0,1
44200,1890,0,0,0
44200,1900,0,0,1
44330,1920,0,0,0
44330,1930,0,0,0
44330,1880,0,0,0
44330,1870,0,0,0
44330,1900,0,0,0
44330,1910,0,0,0
44330,1890,0,1,0
44460,1920,0,0,0
44460,1910,0,0,0
44460,1890,0,0,0
44460,1900,0,1,0
44460,1930,0,0,0
44460,1880,0,0,0
44460,1870,0,0,0
44720,1920,0,0,0
44720,1930,0,1,0
44720,1910,0,0,0
44720,1890,0,0,0
44720,1880,0,0,0
44720,1870,0,0,0
44720,1900,0,0,0
44785,1910,0,0,0
44785,1930,0,0,0
44785,1870,0,0,0
44785,1880,0,0,0
44785,1900,0,1,0
44785,1920,0,0,0
44785,1890,0,0,0
44850,1880,0,0,0
44850,1890,0,0,0
44850,1900,0,1,0
44850,1920,0,0,0
44850,1870,0,0,0
44850,1910,0,0,0
44850,1930,0,0,0
44915,1880,0,0,0
44915,1870,0,0,0
44915,1910,0,0,0
44915,1900,0,0,0
44915,1890,0,0,0
44915,1920,0,0,0
44915,1930,1,0,0
44980,1880,0,0,0
44980,1910,0,0,0
44980,1870,0,0,0
44980,1890,0,0,0
44980,1920,0,0,0
44980,1900,0,0,0
44980,1930,1,0,0
45175,1930,0,0,0
45175,1910,0,0,0
45175,1920,0,0,0
45175,1880,0,0,0
45175,1890,0,0,0
45175,1900,0,1,0
45175,1870,0,0,0
45240,1870,0,0,0
45240,1880,0,0,0
45240,1930,1,0,0
45240,1900,0,0,0
45240,1890,0,0,0
45240,1920,0,0,0
45240,1910,0,0,0
45305,1910,0,0,0
45305,1880,0,2,0
45305,1870,0,0,0
45305,1920,0,0,0
45305,1930,0,0,0
45305,1890,0,0,0
45305,1900,0,0,0
45435,1900,0,0,0
45435,1930,1,0,0
45435,1870,0,0,0
45435,1920,0,0,0
45435,1880,0,0,0
45435,1890,0,0,0
45435,1910,0,0,0
45565,1890,0,0,0
45565,1900,0,0,0
45565,1880,0,0,0
45565,1870,0,0,0
45565,1920,0,0,0
45565,1930,1,0,0
45565,1910,0,0,0
45630,1870,0,0,0
45630,1890,0,0,0
45630,1910,0,0,0
45630,1930,1,0,0
45630,1880,0,0,0
45630,1920,0,0,0
45630,1900,0,0,0